shoulder_pan_joint_pos,shoulder_lift_joint_pos,elbow_joint_pos,wrist_1_joint_pos,wrist_2_joint_pos,wrist_3_joint_pos
-2.803247972468972,-2.265002829159755,-1.0224278930081223,-1.457043738780334,1.5553765464938107,-1.2327160513828657
