shoulder_pan_joint_pos,shoulder_lift_joint_pos,elbow_joint_pos,wrist_1_joint_pos,wrist_2_joint_pos,wrist_3_joint_pos
2.010699314845904,-1.1121064035384536,1.0740755362196046,-1.5113261265054114,-0.8843437101417575,-1.5713829769655776
